authority,short_name,gss_code,nation,region,type,powers,parent_county,lat,long,population,gov_uk_slug,wdtk_id,priority,pressure_reason,source_format,provision_url,restriction_url,has_provision,instrument_seen,researched_on,researched_notes
Cornwall Council,Cornwall,E06000052,England,South West,Unitary authority,unitary,,50.4056210886,-4.8272121848000005,573299.0,cornwall,139.0,1,Off-Street Parking Order 2026; heaviest coastal van pressure in UK; 10 designated self-contained sites,,,,,,,
Devon County Council,Devon,E10000008,England,South West,County,upper tier,,51.4358787963,-3.1712838418000002,810716.0,devon,157.0,1,Highways authority for on-street orders; districts own the car parks,,,,,,,
Dorset Council,Dorset Council,E06000059,England,South West,Unitary authority,unitary,,50.8063660839,-2.3335558747,379791.0,,91365.0,1,Jurassic Coast; known enforcement,,,,,,,
Forestry England,Forestry England,,England,England,landowner (forestry),landowner,,,,,,,1,"Hundreds of car parks, many remote. Policy not orders.",,,,,,,
Lake District National Park Authority,Lake District,,England,England,National Park Authority,national park,,54.4609,-3.0886,,,,1,Highest visitor density of any UK NP; own car parks,,,,,,,
National Trust,National Trust,,England,England,landowner (conservation),landowner,,,,,,,1,Coastal car parks in exactly the pressured places,,,,,,,
North Devon District Council,North Devon,E07000043,England,South West,Non-metropolitan district,lower tier,DEV,51.0697838505,-3.9145687175,98170.0,north-devon,278.0,1,Coastal; Woolacombe and Croyde pressure,,,,,,,
North Yorkshire Council,North Yorkshire,E06000065,England,Yorkshire and The Humber,Unitary authority,unitary,,54.1656106237,-1.3778378942,620610.0,,,1,ETRO plus PSPO in parallel with different penalties; Sandsend and Scarborough North Bay,,,,,,,
Northumbrian Water,Northumbrian Water,,England,England,landowner (water),landowner,,,,,,,1,"Fontburn, Derwent, Kielder Water. Confirmed van-relevant.",,,,,,,
United Utilities,United Utilities,,England,England,landowner (water),landowner,,,,,,,1,"Largest recreational estate of any water company - Lake District, Peak District fringe",,,,,,,
Argyll and Bute Council,Argyll and Bute,S12000035,Scotland,Scotland,Scottish unitary authority,unitary,,56.1218973012,-5.5027949719,85430.0,argyll-and-bute,48.0,1,West coast; NC500 adjacent; ferry ports,,,,,,,
Forestry and Land Scotland,Forestry and Land Scotland,,Scotland,Scotland,landowner (forestry),landowner,,,,,,,1,Enormous estate; NC500 and Highland car parks,,,,,,,
The Highland Council,Highland,S12000017,Scotland,Scotland,Scottish unitary authority,unitary,,57.5729388377,-4.7713907804,235430.0,highland,613.0,1,NC500; Sutherland committee motion for blanket car park ban; enormous area,,,,,,,
Conwy County Borough Council,Conwy,W06000003,Wales,Wales,Welsh unitary authority,unitary,,53.1402937019,-3.7357843035,118184.0,conwy,135.0,1,Non-provisioned bays but otherwise bans overnight parking; the restrictive end of the Welsh spectrum,,,,,,,
Denbighshire County Council,Denbighshire,W06000004,Wales,Wales,Welsh unitary authority,unitary,,53.0918807159,-3.3540945754,96664.0,denbighshire,152.0,1,Trialling provision; useful contrast with Conwy,,,,,,,
Eryri National Park Authority,Eryri,,Wales,Wales,National Park Authority,national park,,52.9,-3.9,,,,1,11 car parks restricted Apr 2026 then U-turned Jun 2026; ANPR enforcement; the volatility case study,,,,,,,
Gwynedd Council,Gwynedd,W06000002,Wales,Wales,Welsh unitary authority,unitary,,52.8946662692,-4.0242912286,125171.0,gwynedd,205.0,1,4 Arosfan aires GBP16.50/night; parking allowed but sleeping banned outside them; lay-by orders,,,,,,,
Isle of Anglesey County Council,Isle of Anglesey,W06000001,Wales,Wales,Welsh unitary authority,unitary,,53.2859774445,-4.3744882952,70440.0,isle-of-anglesey,222.0,1,Coastal; trialling new provision per North Wales reporting,,,,,,,
Natural Resources Wales,Natural Resources Wales,,Wales,Wales,landowner (forestry),landowner,,,,,,,1,Also the LIDAR DSM source for the solar layer,,,,,,,
Pembrokeshire Coast National Park Authority,Pembrokeshire Coast,,Wales,Wales,National Park Authority,national park,,51.8,-5.0,,,,1,Own car parks; separate rules from county,,,,,,,
Pembrokeshire County Council,Pembrokeshire,W06000009,Wales,Wales,Welsh unitary authority,unitary,,51.8536127131,-4.8874878413000005,126751.0,pembrokeshire,299.0,1,Coast path; heavy summer pressure,,,,,,,
"Bournemouth, Christchurch and Poole Council","Bournemouth, Christchurch and Poole",E06000058,England,South West,Unitary authority,unitary,,50.7470182733,-1.8832767544000002,396989.0,,91513.0,2,Bournemouth Christchurch Poole; heavy beach pressure,,,,,,,
Cumberland Council,Cumberland,E06000063,England,North West,Unitary authority,unitary,,54.6986228039,-3.1432657523,274396.0,,,2,West Cumbria coast plus Lake District overlap,,,,,,,
Dartmoor National Park Authority,Dartmoor,,England,England,National Park Authority,national park,,50.5714,-3.9214,,,,2,Camping byelaws precedent; own car parks,,,,,,,
Exmoor National Park Authority,Exmoor,,England,England,National Park Authority,national park,,51.14,-3.65,,,,2,Own car parks,,,,,,,
Hampshire County Council,Hampshire,E10000014,England,South East,County,upper tier,,50.9807081893,-1.0748168163,1389206.0,hampshire,209.0,2,Highways authority,,,,,,,
Isle of Wight Council,Isle of Wight,E06000046,England,South East,Unitary authority,unitary,,50.6757716562,-1.2965662288,142296.0,isle-of-wight,223.0,2,Island; ferry,,,,,,,
Kent County Council,Kent,E10000016,England,South East,County,upper tier,,51.515402964,0.09439256950000001,1589057.0,kent,228.0,2,Coast plus port traffic,,,,,,,
New Forest District Council,New Forest,E07000091,England,South East,Non-metropolitan district,lower tier,HAM,50.8585008644,-1.6247467480000002,179649.0,new-forest,270.0,2,Grazing byelaws; verge parking rules,,,,,,,
New Forest National Park Authority,New Forest,,England,England,National Park Authority,national park,,50.87,-1.6,,,,2,Grazing byelaws; verge parking rules,,,,,,,
Norfolk County Council,Norfolk,E10000020,England,East of England,County,upper tier,,52.7573987425,0.9445418333000001,914039.0,norfolk,276.0,2,Coast; Broads overlap,,,,,,,
North Norfolk District Council,North Norfolk,E07000147,England,East of England,Non-metropolitan district,lower tier,NFK,52.8504787191,1.1698329199,105167.0,north-norfolk,283.0,2,Coastal car parks,,,,,,,
North York Moors National Park Authority,North York Moors,,England,England,National Park Authority,national park,,54.37,-0.89,,,,2,Own car parks,,,,,,,
Peak District National Park Authority,Peak District,,England,England,National Park Authority,national park,,53.34,-1.78,,,,2,Closest NP to major cities; heavy day pressure,,,,,,,
Severn Trent Water,Severn Trent Water,,England,England,landowner (water),landowner,,,,,,,2,"Peak District reservoirs, Elan Valley links",,,,,,,
Somerset Council,Somerset,E06000066,England,South West,Unitary authority,unitary,,51.1156106098,-2.8924948468,563851.0,,,2,Exmoor overlap; coast,,,,,,,
South Downs National Park Authority,South Downs,,England,England,National Park Authority,national park,,50.92,-0.75,,,,2,Own car parks,,,,,,,
South West Water,South West Water,,England,England,landowner (water),landowner,,,,,,,2,Dartmoor and Exmoor reservoirs,,,,,,,
Thanet District Council,Thanet,E07000114,England,South East,Non-metropolitan district,lower tier,KEN,51.354527554,1.3405526777,141458.0,thanet,399.0,2,Coastal car parks,,,,,,,
Torbay Council,Torbay,E06000027,England,South West,Unitary authority,unitary,,50.4406186923,-3.5302097511,136218.0,torbay,403.0,2,Dense coastal,,,,,,,
Westmorland and Furness Council,Westmorland and Furness,E06000064,England,North West,Unitary authority,unitary,,54.3440105013,-2.8947277204,225385.0,,,2,Lake District overlap; created 2023,,,,,,,
Yorkshire Dales National Park Authority,Yorkshire Dales,,England,England,National Park Authority,national park,,54.23,-2.16,,,,2,Own car parks,,,,,,,
Yorkshire Water,Yorkshire Water,,England,England,landowner (water),landowner,,,,,,,2,Dales and Peak reservoirs,,,,,,,
Causeway Coast and Glens Borough Council,Causeway Coast and Glens,N09000004,Northern Ireland,Northern Ireland,NI district,ni district,,55.060253001,-6.5915666961,144943.0,causeway-coast-and-glens,54907.0,2,Giant's Causeway; Antrim coast road,,,,,,,
Aberdeenshire Council,Aberdeenshire,S12000034,Scotland,Scotland,Scottish unitary authority,unitary,,57.2411185295,-2.6319909899000002,260780.0,aberdeenshire,40.0,2,North east coast; NC500 adjacent,,,,,,,
Cairngorms National Park Authority,Cairngorms,,Scotland,Scotland,National Park Authority,national park,,57.08,-3.67,,,,2,Largest UK NP,,,,,,,
Comhairle nan Eilean Siar,Eilean Siar,S12000013,Scotland,Scotland,Scottish unitary authority,unitary,,57.9075722134,-6.8746562711,26500.0,eilean-siar,133.0,2,Western Isles; ferry-dependent,,,,,,,
Dumfries and Galloway Council,Dumfries and Galloway,S12000006,Scotland,Scotland,Scottish unitary authority,unitary,,55.0711421142,-3.9595069387,148290.0,dumfries-and-galloway,162.0,2,South west coast; quiet but real pressure,,,,,,,
Loch Lomond and The Trossachs National Park Authority,Loch Lomond and The Trossachs,,Scotland,Scotland,National Park Authority,national park,,56.24,-4.6,,,,2,Camping management byelaws already exist - important precedent,,,,,,,
National Trust for Scotland,National Trust for Scotland,,Scotland,Scotland,landowner (conservation),landowner,,,,,,,2,landowner with car parks,,,,,,,
North Ayrshire Council,North Ayrshire,S12000021,Scotland,Scotland,Scottish unitary authority,unitary,,55.6505151026,-4.9804030259,134250.0,north-ayrshire,624.0,2,Coastal and island ferry routes,,,,,,,
Perth and Kinross Council,Perth and Kinross,S12000048,Scotland,Scotland,Scottish unitary authority,unitary,,56.5653999778,-3.8185965956,151910.0,perth-and-kinross,302.0,2,Highland gateway,,,,,,,
South Ayrshire Council,South Ayrshire,S12000028,Scotland,Scotland,Scottish unitary authority,unitary,,55.2682818001,-4.6892888187,112140.0,south-ayrshire,345.0,2,Girvan and Ayr designated bays GBP5/night; provision-first example,,,,,,,
Stirling Council,Stirling,S12000030,Scotland,Scotland,Scottish unitary authority,unitary,,56.2440143784,-4.3403403235999996,94080.0,stirling,374.0,2,Loch Lomond overlap,,,,,,,
The Moray Council,Moray,S12000020,Scotland,Scotland,Scottish unitary authority,unitary,,57.4755188581,-3.267612765,95710.0,moray,269.0,2,NC500 eastern leg,,,,,,,
Bannau Brycheiniog National Park Authority,Bannau Brycheiniog,,Wales,Wales,National Park Authority,national park,,51.88,-3.43,,,,2,Own car parks,,,,,,,
Carmarthenshire County Council,Carmarthenshire,W06000010,Wales,Wales,Welsh unitary authority,unitary,,51.8996970326,-4.1631782679,190073.0,carmarthenshire,109.0,2,Coastal,,,,,,,
Ceredigion County Council,Ceredigion,W06000008,Wales,Wales,Welsh unitary authority,unitary,,52.255868001,-4.0731357201,72895.0,ceredigion,115.0,2,Cardigan Bay coast,,,,,,,
City and County of Swansea Council,Swansea,W06000011,Wales,Wales,Welsh unitary authority,unitary,,51.6416239726,-4.061216564,246563.0,swansea,388.0,2,Gower peninsula pressure,,,,,,,
Powys County Council,Powys,W06000023,Wales,Wales,Welsh unitary authority,unitary,,52.3237431374,-3.4099252669,133030.0,powys,307.0,2,Mid Wales; Cambrian Mountains,,,,,,,
Welsh Water / Dwr Cymru,Welsh Water / Dwr Cymru,,Wales,Wales,landowner (water),landowner,,,,,,,2,"Elan Valley, Llyn Brianne",,,,,,,
Anglian Water,Anglian Water,,England,England,landowner (water),landowner,,,,,,,3,"Rutland Water, Grafham",,,,,,,
Blackpool Borough Council,Blackpool,E06000009,England,North West,Unitary authority,unitary,,53.8176628312,-3.0355263398,138381.0,blackpool,74.0,3,Dense coastal,,,,,,,
Canal and River Trust,Canal and River Trust,,England,England,landowner (waterway),landowner,,,,,,,3,Towpath car parks,,,,,,,
East Lindsey District Council,East Lindsey,E07000137,England,East Midlands,Non-metropolitan district,lower tier,LIN,53.24935027,0.0303338885,142030.0,east-lindsey,175.0,3,Coastal caravan heartland,,,,,,,
East Riding of Yorkshire Council,East Riding of Yorkshire,E06000011,England,Yorkshire and The Humber,Unitary authority,unitary,,53.8680436059,-0.48245736650000004,343201.0,east-riding-of-yorkshire,179.0,3,Coast,,,,,,,
East Suffolk Council,East Suffolk,E07000244,England,East of England,Non-metropolitan district,lower tier,SFK,52.2370159894,1.4614552975000001,250373.0,,91370.0,3,Coastal,,,,,,,
East Sussex County Council,East Sussex,E10000011,England,South East,County,upper tier,,50.8895458201,0.3158223545,558852.0,east-sussex,181.0,3,Coastal,,,,,,,
Lancashire County Council,Lancashire,E10000017,England,North West,County,upper tier,,52.5045977564,-0.8087773537,1227076.0,lancashire,237.0,3,Coast,,,,,,,
Lincolnshire County Council,Lincolnshire,E10000019,England,Yorkshire and The Humber,County,upper tier,,52.9915292205,-0.4219714606,766333.0,lincolnshire,246.0,3,Coast,,,,,,,
Northumberland County Council,Northumberland,E06000057,England,North East,Unitary authority,unitary,,55.2415115053,-2.0663445776,323820.0,northumberland,292.0,3,Dark skies draw overnight stays,,,,,,,
Northumberland National Park Authority,Northumberland,,England,England,National Park Authority,national park,,55.3,-2.2,,,,3,Dark skies draw overnight stays,,,,,,,
Plymouth City Council,Plymouth,E06000026,England,South West,Unitary authority,unitary,,50.3917695141,-4.1199182139,262839.0,plymouth,304.0,3,Urban coastal,,,,,,,
RSPB,RSPB,,England,England,landowner (conservation),landowner,,,,,,,3,"Reserve car parks, usually dawn-dusk",,,,,,,
Redcar and Cleveland Borough Council,Redcar and Cleveland,E06000003,England,North East,Unitary authority,unitary,,54.5536137443,-1.02164638,137228.0,redcar-and-cleveland,312.0,3,Coast plus NYM overlap,,,,,,,
Sefton Metropolitan Borough Council,Sefton,E08000014,England,North West,Metropolitan district,unitary,,53.5653796661,-3.0150163189,275899.0,sefton,637.0,3,Formby and Ainsdale pressure,,,,,,,
The Broads Authority,The Broads Authority,,England,England,National Park Authority,national park,,52.63,1.5,,,,3,Special status authority,,,,,,,
The Crown Estate,The Crown Estate,,England,England,landowner (crown),landowner,,,,,,,3,Owns much of the foreshore - relevant to beach parking,,,,,,,
Wessex Water,Wessex Water,,England,England,landowner (water),landowner,,,,,,,3,landowner with car parks,,,,,,,
Wirral Borough Council,Wirral,E08000015,England,North West,Metropolitan district,unitary,,53.3683428394,-3.092676444,324336.0,wirral,439.0,3,Coastal,,,,,,,
Woodland Trust,Woodland Trust,,England,England,landowner (conservation),landowner,,,,,,,3,landowner with car parks,,,,,,,
Ards and North Down Borough Council,Ards and North Down,N09000011,Northern Ireland,Northern Ireland,NI district,ni district,,54.5342795814,-5.6293125548,162056.0,ards-and-north-down,54914.0,3,Coastal,,,,,,,
Forest Service (DAERA),Forest Service (DAERA),,Northern Ireland,Northern Ireland,landowner (forestry),landowner,,,,,,,3,landowner with car parks,,,,,,,
"Newry, Mourne and Down District Council","Newry, Mourne and Down ",N09000010,Northern Ireland,Northern Ireland,NI district,ni district,,54.2362077744,-6.0680484752,181669.0,newry-mourne-down,54913.0,3,Mournes,,,,,,,
Crown Estate Scotland,Crown Estate Scotland,,Scotland,Scotland,landowner (crown),landowner,,,,,,,3,landowner with car parks,,,,,,,
John Muir Trust,John Muir Trust,,Scotland,Scotland,landowner (conservation),landowner,,,,,,,3,Highland estates,,,,,,,
Orkney Islands Council,Orkney Islands,S12000023,Scotland,Scotland,Scottish unitary authority,unitary,,59.0292189858,-3.0359672021,22400.0,orkney-islands,296.0,3,Small but van-visited,,,,,,,
Scottish Water,Scottish Water,,Scotland,Scotland,landowner (water),landowner,,,,,,,3,"Large estate, less visitor infrastructure",,,,,,,
Shetland Islands Council,Shetland Islands,S12000027,Scotland,Scotland,Scottish unitary authority,unitary,,60.3948607564,-1.254021698,22870.0,shetland-islands,339.0,3,Small but van-visited,,,,,,,
Adur District Council,Adur,E07000223,England,South East,Non-metropolitan district,lower tier,WSX,50.8444412718,-0.29853079790000003,64187.0,adur,41.0,4,,,,,,,,
Amber Valley Borough Council,Amber Valley,E07000032,England,East Midlands,Non-metropolitan district,lower tier,DBY,53.029235788,-1.4666587371,128829.0,amber-valley,44.0,4,,,,,,,,
Arun District Council,Arun,E07000224,England,South East,Non-metropolitan district,lower tier,WSX,50.8408748233,-0.5681884890000001,161123.0,arun,50.0,4,,,,,,,,
Ashfield District Council,Ashfield,E07000170,England,East Midlands,Non-metropolitan district,lower tier,NTT,53.0922584802,-1.259151342,128337.0,ashfield,51.0,4,,,,,,,,
Ashford Borough Council,Ashford,E07000105,England,South East,Non-metropolitan district,lower tier,KEN,51.125295091,0.8112981989,131018.0,ashford,52.0,4,,,,,,,,
Babergh District Council,Babergh,E07000200,England,East of England,Non-metropolitan district,lower tier,SFK,52.0506270505,0.9153154171000001,92735.0,babergh,54.0,4,,,,,,,,
Barnsley Metropolitan Borough Council,Barnsley,E08000016,England,Yorkshire and The Humber,Metropolitan district,unitary,,53.5358705443,-1.5325745833000002,248071.0,barnsley,60.0,4,urban - not a vanlife destination,,,,,,,
Basildon Borough Council,Basildon,E07000066,England,East of England,Non-metropolitan district,lower tier,ESS,51.5901320657,0.4662938387,187558.0,basildon,62.0,4,,,,,,,,
Basingstoke and Deane Borough Council,Basingstoke and Deane,E07000084,England,South East,Non-metropolitan district,lower tier,HAM,51.2734589837,-1.2009435843,177760.0,basingstoke-and-deane,63.0,4,,,,,,,,
Bassetlaw District Council,Bassetlaw,E07000171,England,East Midlands,Non-metropolitan district,lower tier,NTT,53.3327707311,-0.9589166216,118280.0,bassetlaw,64.0,4,,,,,,,,
Bath and North East Somerset Council,Bath and North East Somerset,E06000022,England,South West,Unitary authority,unitary,,51.3559852824,-2.4752562946,196357.0,bath-and-north-east-somerset,65.0,4,,,,,,,,
Bedford Borough Council,Bedford,E06000055,England,East of England,Unitary authority,unitary,,52.1891805306,-0.477082435,174687.0,bedford,66.0,4,,,,,,,,
Birmingham City Council,Birmingham,E08000025,England,West Midlands,Metropolitan district,unitary,,52.4885472688,-1.874802373,1140525.0,birmingham,71.0,4,urban - not a vanlife destination,,,,,,,
Blaby District Council,Blaby,E07000129,England,East Midlands,Non-metropolitan district,lower tier,LEC,52.5715076345,-1.2219618985,101950.0,blaby,72.0,4,,,,,,,,
Blackburn with Darwen Borough Council,Blackburn with Darwen,E06000008,England,North West,Unitary authority,unitary,,53.6926124501,-2.4675476946,150030.0,blackburn-with-darwen,73.0,4,,,,,,,,
Bolsover District Council,Bolsover,E07000033,England,East Midlands,Non-metropolitan district,lower tier,DBY,53.2156269355,-1.2773246815000001,81305.0,bolsover,77.0,4,,,,,,,,
Bolton Metropolitan Borough Council,Bolton,E08000001,England,North West,Metropolitan district,unitary,,53.5786323891,-2.4669702025,288248.0,bolton,78.0,4,urban - not a vanlife destination,,,,,,,
Borough Council of Kings Lynn and West Norfolk,Kings Lynn and West Norfolk,E07000146,England,East of England,Non-metropolitan district,lower tier,NFK,52.7266605595,0.47046279750000003,151245.0,kings-lynn-and-west-norfolk,231.0,4,,,,,,,,
Boston Borough Council,Boston,E07000136,England,East Midlands,Non-metropolitan district,lower tier,LIN,52.974157743,-0.0223468411,70837.0,boston,79.0,4,,,,,,,,
Bracknell Forest Council,Bracknell Forest,E06000036,England,South East,Unitary authority,unitary,,51.4081124978,-0.7397376225000001,124165.0,bracknell-forest,81.0,4,,,,,,,,
Braintree District Council,Braintree,E07000067,England,East of England,Non-metropolitan district,lower tier,ESS,51.9418289879,0.5899319151,153091.0,braintree,83.0,4,,,,,,,,
Breckland District Council,Breckland,E07000143,England,East of England,Non-metropolitan district,lower tier,NFK,52.5879294986,0.8372758296,141255.0,breckland,84.0,4,,,,,,,,
Brentwood Borough Council,Brentwood,E07000068,England,East of England,Non-metropolitan district,lower tier,ESS,51.6386351291,0.3107597898,77242.0,brentwood,86.0,4,,,,,,,,
Brighton and Hove City Council,Brighton and Hove,E06000043,England,South East,Unitary authority,unitary,,50.843485096,-0.1331354534,291738.0,brighton-and-hove,89.0,4,,,,,,,,
Bristol City Council,City of Bristol,E06000023,England,South West,Unitary authority,unitary,,51.4527445331,-2.7708387056,465866.0,bristol,90.0,4,,,,,,,,
Broadland District Council,Broadland,E07000144,England,East of England,Non-metropolitan district,lower tier,NFK,52.7011953522,1.3106173362,131931.0,broadland,91.0,4,,,,,,,,
Bromsgrove District Council,Bromsgrove,E07000234,England,West Midlands,Non-metropolitan district,lower tier,WOR,52.3617512719,-2.016015023,100569.0,bromsgrove,93.0,4,,,,,,,,
Broxbourne Borough Council,Broxbourne,E07000095,England,East of England,Non-metropolitan district,lower tier,HRT,51.7251108813,-0.0473752772,97592.0,broxbourne,94.0,4,,,,,,,,
Broxtowe Borough Council,Broxtowe,E07000172,England,East Midlands,Non-metropolitan district,lower tier,NTT,52.9764211232,-1.262094877,114627.0,broxtowe,95.0,4,,,,,,,,
Buckinghamshire Council,Buckinghamshire,E06000060,England,South East,Unitary authority,unitary,,51.7849641217,-0.8115708416,547060.0,,96.0,4,,,,,,,,
Burnley Borough Council,Burnley,E07000117,England,North West,Non-metropolitan district,lower tier,LAN,53.7789355135,-2.2219452918,89344.0,burnley,97.0,4,,,,,,,,
Bury Metropolitan Borough Council,Bury,E08000002,England,North West,Metropolitan district,unitary,,53.5878391802,-2.3125533829,190708.0,bury,98.0,4,urban - not a vanlife destination,,,,,,,
Calderdale Metropolitan Borough Council,Calderdale,E08000033,England,Yorkshire and The Humber,Metropolitan district,unitary,,53.7211799299,-1.9734126332000002,211439.0,calderdale,100.0,4,urban - not a vanlife destination,,,,,,,
Cambridge City Council,Cambridge,E07000008,England,East of England,Non-metropolitan district,lower tier,CAM,52.19936865,0.13292340900000002,125063.0,cambridge,101.0,4,,,,,,,,
Cambridgeshire County Council,Cambridgeshire,E10000003,England,East of England,County,upper tier,,52.3304245511,0.0698969059,657204.0,cambridgeshire,102.0,4,,,,,,,,
Cannock Chase District Council,Cannock Chase,E07000192,England,West Midlands,Non-metropolitan district,lower tier,STS,52.7123826092,-1.9802318641,101484.0,cannock-chase,104.0,4,,,,,,,,
Canterbury City Council,Canterbury,E07000106,England,South East,Non-metropolitan district,lower tier,KEN,51.2832269723,1.1018038741,166762.0,canterbury,105.0,4,,,,,,,,
Castle Point Borough Council,Castle Point,E07000069,England,East of England,Non-metropolitan district,lower tier,ESS,51.5364084688,0.5945937764,90524.0,castle-point,113.0,4,,,,,,,,
Central Bedfordshire Council,Central Bedfordshire,E06000056,England,East of England,Unitary authority,unitary,,52.0066295631,-0.4362919551,294096.0,central-bedfordshire,4311.0,4,,,,,,,,
Charnwood Borough Council,Charnwood,E07000130,England,East Midlands,Non-metropolitan district,lower tier,LEC,52.7370068235,-1.1461358455,188416.0,charnwood,116.0,4,,,,,,,,
Chelmsford City Council,Chelmsford,E07000070,England,East of England,Non-metropolitan district,lower tier,ESS,51.7254278778,0.48091595730000003,179549.0,chelmsford,117.0,4,,,,,,,,
Cheltenham Borough Council,Cheltenham,E07000078,England,South West,Non-metropolitan district,lower tier,GLS,51.896999473,-2.0740223239,116043.0,cheltenham,118.0,4,,,,,,,,
Cherwell District Council,Cherwell,E07000177,England,South East,Non-metropolitan district,lower tier,OXF,51.9587832783,-1.275595174,151846.0,cherwell,119.0,4,,,,,,,,
Cheshire East Council,Cheshire East,E06000049,England,North West,Unitary authority,unitary,,53.180270891,-2.3499425324,386667.0,cheshire-east,4305.0,4,,,,,,,,
Cheshire West and Chester Council,Cheshire West and Chester,E06000050,England,North West,Unitary authority,unitary,,53.2001564783,-2.7358562336,343823.0,cheshire-west-and-chester,4306.0,4,,,,,,,,
Chesterfield Borough Council,Chesterfield,E07000034,England,East Midlands,Non-metropolitan district,lower tier,DBY,53.2562807322,-1.4012309426,104930.0,chesterfield,123.0,4,,,,,,,,
Chichester District Council,Chichester,E07000225,England,South East,Non-metropolitan district,lower tier,WSX,50.9374223993,-0.7422637517,121508.0,chichester,124.0,4,,,,,,,,
Chorley Borough Council,Chorley,E07000118,England,North West,Non-metropolitan district,lower tier,LAN,53.6614832183,-2.6478813276,118870.0,chorley,126.0,4,,,,,,,,
City of Bradford Metropolitan District Council,Bradford,E08000032,England,Yorkshire and The Humber,Metropolitan district,unitary,,53.8446704634,-1.8546713066,542128.0,bradford,82.0,4,urban - not a vanlife destination,,,,,,,
City of Doncaster Council,Doncaster,E08000017,England,Yorkshire and The Humber,Metropolitan district,unitary,,53.5443020969,-1.0957701973,312785.0,doncaster,158.0,4,urban - not a vanlife destination,,,,,,,
City of Lincoln Council,City of Lincoln,E07000138,England,East Midlands,Non-metropolitan district,lower tier,LIN,53.2247265967,-0.5549528878000001,100049.0,lincoln,245.0,4,,,,,,,,
City of Westminster,Westminster,E09000033,England,London,London borough,unitary,,51.5134418835,-0.1604557185,269848.0,westminster,433.0,4,urban - not a vanlife destination,,,,,,,
City of Wolverhampton Council,Wolverhampton,E08000031,England,West Midlands,Metropolitan district,unitary,,52.5891905054,-2.1209914537,264407.0,wolverhampton,648.0,4,urban - not a vanlife destination,,,,,,,
City of York Council,York,E06000014,England,Yorkshire and The Humber,Unitary authority,unitary,,53.9587193768,-1.0614497157,211012.0,york,129.0,4,,,,,,,,
Colchester Borough Council,Colchester,E07000071,England,East of England,Non-metropolitan district,lower tier,ESS,51.8725217524,0.8609023195000001,197200.0,colchester,131.0,4,,,,,,,,
Cotswold District Council,Cotswold,E07000079,England,South West,Non-metropolitan district,lower tier,GLS,51.8164516493,-1.8929521616,90264.0,cotswold,140.0,4,,,,,,,,
Council of the Isles of Scilly,Isles of Scilly,E06000053,England,South West,Unitary authority,unitary,,49.9369329141,-6.3171676407,2226.0,isles-of-scilly,224.0,4,,,,,,,,
Coventry City Council,Coventry,E08000026,England,West Midlands,Metropolitan district,unitary,,52.4168684026,-1.519750307,379387.0,coventry,141.0,4,urban - not a vanlife destination,,,,,,,
Crawley Borough Council,Crawley,E07000226,England,South East,Non-metropolitan district,lower tier,WSX,51.125470625,-0.18203462280000002,112474.0,crawley,144.0,4,,,,,,,,
Dacorum Borough Council,Dacorum,E07000096,England,East of England,Non-metropolitan district,lower tier,HRT,51.778182484,-0.5408769699,155457.0,dacorum,148.0,4,,,,,,,,
Darlington Borough Council,Darlington,E06000005,England,North East,Unitary authority,unitary,,54.5486991294,-1.5525869915000001,107402.0,darlington,149.0,4,,,,,,,,
Dartford Borough Council,Dartford,E07000107,England,South East,Non-metropolitan district,lower tier,KEN,51.4314529107,0.25316777700000004,114051.0,dartford,150.0,4,,,,,,,,
Derby City Council,Derby,E06000015,England,East Midlands,Unitary authority,unitary,,52.9125446783,-1.4683439127,256814.0,derby,153.0,4,,,,,,,,
Derbyshire County Council,Derbyshire,E10000007,England,West Midlands,County,upper tier,,53.0872378384,-1.5643477518000002,807183.0,derbyshire,154.0,4,,,,,,,,
Derbyshire Dales District Council,Derbyshire Dales,E07000035,England,East Midlands,Non-metropolitan district,lower tier,DBY,53.1281502793,-1.6936800671,72422.0,derbyshire-dales,155.0,4,,,,,,,,
Dover District Council,Dover,E07000108,England,South East,Non-metropolitan district,lower tier,KEN,51.2122807726,1.2892144191,118514.0,dover,160.0,4,,,,,,,,
Dudley Metropolitan Borough Council,Dudley,E08000027,England,West Midlands,Metropolitan district,unitary,,52.4828506683,-2.1087361272,322363.0,dudley,161.0,4,urban - not a vanlife destination,,,,,,,
Durham County Council,County Durham,E06000047,England,North East,Unitary authority,unitary,,54.6954582477,-1.839912728,533149.0,county-durham,165.0,4,,,,,,,,
East Cambridgeshire District Council,East Cambridgeshire,E07000009,England,East of England,Non-metropolitan district,lower tier,CAM,52.3429175995,0.29478269760000003,90172.0,east-cambridgeshire,169.0,4,,,,,,,,
East Devon District Council,East Devon,E07000040,England,South West,Non-metropolitan district,lower tier,DEV,50.7644242824,-3.2242493835,148080.0,east-devon,170.0,4,,,,,,,,
East Hampshire District Council,East Hampshire,E07000085,England,South East,Non-metropolitan district,lower tier,HAM,51.0745540116,-0.9551242079000001,123838.0,east-hampshire,173.0,4,,,,,,,,
East Hertfordshire District Council,East Hertfordshire,E07000242,England,East of England,Non-metropolitan district,lower tier,HRT,51.8650560653,-0.008257932,151786.0,east-hertfordshire,174.0,4,,,,,,,,
East Staffordshire Borough Council,East Staffordshire,E07000193,England,West Midlands,Non-metropolitan district,lower tier,STS,52.8632680886,-1.8121411819,120923.0,east-staffordshire,180.0,4,,,,,,,,
Eastbourne Borough Council,Eastbourne,E07000061,England,South East,Non-metropolitan district,lower tier,ESX,50.7762305387,0.2662294461,103324.0,eastbourne,182.0,4,,,,,,,,
Eastleigh Borough Council,Eastleigh,E07000086,England,South East,Non-metropolitan district,lower tier,HAM,50.9330194885,-1.3272006848,135520.0,eastleigh,183.0,4,,,,,,,,
Elmbridge Borough Council,Elmbridge,E07000207,England,South East,Non-metropolitan district,lower tier,SRY,51.3571322627,-0.3921725066,137215.0,elmbridge,600.0,4,,,,,,,,
Epping Forest District Council,Epping Forest,E07000072,England,East of England,Non-metropolitan district,lower tier,ESS,51.7088777985,0.1486652075,132175.0,epping-forest,186.0,4,,,,,,,,
Epsom and Ewell Borough Council,Epsom and Ewell,E07000208,England,South East,Non-metropolitan district,lower tier,SRY,51.3391668567,-0.2614484468,81003.0,epsom-and-ewell,187.0,4,,,,,,,,
Erewash Borough Council,Erewash,E07000036,England,East Midlands,Non-metropolitan district,lower tier,DBY,52.9354900633,-1.3466958468999999,115332.0,erewash,188.0,4,,,,,,,,
Essex County Council,Essex,E10000012,England,East of England,County,upper tier,,51.6392173996,0.4067128387,1497759.0,essex,189.0,4,,,,,,,,
Exeter City Council,Exeter,E07000041,England,South West,Non-metropolitan district,lower tier,DEV,50.7216379059,-3.5101801960000003,133333.0,exeter,190.0,4,,,,,,,,
Fareham Borough Council,Fareham,E07000087,England,South East,Non-metropolitan district,lower tier,HAM,50.852644252,-1.2246651081,116338.0,fareham,601.0,4,,,,,,,,
Fenland District Council,Fenland,E07000010,England,East of England,Non-metropolitan district,lower tier,CAM,52.5628409945,0.060771297,102080.0,fenland,192.0,4,,,,,,,,
Folkestone and Hythe District Council,Folkestone and Hythe,E07000112,England,South East,Non-metropolitan district,lower tier,KEN,51.0538898881,0.9941241131,113320.0,shepway,338.0,4,,,,,,,,
Forest of Dean District Council,Forest of Dean,E07000080,England,South West,Non-metropolitan district,lower tier,GLS,51.8284225907,-2.4900246023,87107.0,forest-of-dean,605.0,4,,,,,,,,
Fylde Borough Council,Fylde,E07000119,England,North West,Non-metropolitan district,lower tier,LAN,53.7841026588,-2.9221345719,81211.0,fylde,194.0,4,,,,,,,,
Gateshead Metropolitan Borough Council,Gateshead,E08000037,England,North East,Metropolitan district,unitary,,54.9353685039,-1.6828872244,201950.0,gateshead,195.0,4,urban - not a vanlife destination,,,,,,,
Gedling Borough Council,Gedling,E07000173,England,East Midlands,Non-metropolitan district,lower tier,NTT,53.0283720364,-1.1193100379,118239.0,gedling,196.0,4,,,,,,,,
Gloucester City Council,Gloucester,E07000081,England,South West,Non-metropolitan district,lower tier,GLS,51.8493723721,-2.2402646254,129709.0,gloucester,198.0,4,,,,,,,,
Gloucestershire County Council,Gloucestershire,E10000013,England,South West,County,upper tier,,51.8524029293,-0.7477084585,640650.0,gloucestershire,199.0,4,,,,,,,,
Gosport Borough Council,Gosport,E07000088,England,South East,Non-metropolitan district,lower tier,HAM,50.8052136644,-1.1594623669,84679.0,gosport,200.0,4,,,,,,,,
Gravesham Borough Council,Gravesham,E07000109,England,South East,Non-metropolitan district,lower tier,KEN,51.4051270377,0.39499417070000004,106890.0,gravesham,201.0,4,,,,,,,,
Great Yarmouth Borough Council,Great Yarmouth,E07000145,England,East of England,Non-metropolitan district,lower tier,NFK,52.6407139722,1.661393263,99198.0,great-yarmouth,202.0,4,,,,,,,,
Guildford Borough Council,Guildford,E07000209,England,South East,Non-metropolitan district,lower tier,SRY,51.2478000469,-0.5616455426,150352.0,guildford,204.0,4,,,,,,,,
Halton Borough Council,Halton,E06000006,England,North West,Unitary authority,unitary,,53.3437491271,-2.7187968167000003,129759.0,halton,607.0,4,,,,,,,,
Harborough District Council,Harborough,E07000131,England,East Midlands,Non-metropolitan district,lower tier,LEC,52.5393096854,-1.0081235595,95537.0,harborough,210.0,4,,,,,,,,
Harlow District Council,Harlow,E07000073,England,East of England,Non-metropolitan district,lower tier,ESS,51.7683490651,0.1085394578,87280.0,harlow,608.0,4,,,,,,,,
Hart District Council,Hart,E07000089,England,South East,Non-metropolitan district,lower tier,HAM,51.2848120935,-0.8974720056000001,97608.0,hart,212.0,4,,,,,,,,
Hartlepool Borough Council,Hartlepool,E06000001,England,North East,Unitary authority,unitary,,54.6690134156,-1.2556506583,93836.0,hartlepool,213.0,4,,,,,,,,
Hastings Borough Council,Hastings,E07000062,England,South East,Non-metropolitan district,lower tier,ESX,50.8693643011,0.5704333477,92554.0,hastings,214.0,4,,,,,,,,
Havant Borough Council,Havant,E07000090,England,South East,Non-metropolitan district,lower tier,HAM,50.8383914033,-0.9893616984,126339.0,havant,610.0,4,,,,,,,,
Herefordshire Council,Herefordshire,E06000019,England,West Midlands,Unitary authority,unitary,,52.1034788303,-2.7449596144,193615.0,herefordshire,612.0,4,,,,,,,,
Hertfordshire County Council,Hertfordshire,E10000015,England,East of England,County,upper tier,,51.4405649809,-0.7155351399000001,1195672.0,hertfordshire,215.0,4,,,,,,,,
Hertsmere Borough Council,Hertsmere,E07000098,England,East of England,Non-metropolitan district,lower tier,HRT,51.6772846798,-0.28109663690000003,105471.0,hertsmere,216.0,4,,,,,,,,
High Peak Borough Council,High Peak,E07000037,England,East Midlands,Non-metropolitan district,lower tier,DBY,53.3729502786,-1.8739385922,92633.0,high-peak,217.0,4,,,,,,,,
Hinckley and Bosworth Borough Council,Hinckley and Bosworth,E07000132,England,East Midlands,Non-metropolitan district,lower tier,LEC,52.616482569,-1.391055082,113666.0,hinckley-and-bosworth,614.0,4,,,,,,,,
Horsham District Council,Horsham,E07000227,England,South East,Non-metropolitan district,lower tier,WSX,50.9937591191,-0.36633274990000003,145474.0,horsham,219.0,4,,,,,,,,
Hull City Council,Kingston upon Hull,E06000010,England,Yorkshire and The Humber,Unitary authority,unitary,,53.7599131635,-0.3353759471,259126.0,kingston-upon-hull,232.0,4,,,,,,,,
Huntingdonshire District Council,Huntingdonshire,E07000011,England,East of England,Non-metropolitan district,lower tier,CAM,52.3736138014,-0.2207735506,178985.0,huntingdonshire,615.0,4,,,,,,,,
Hyndburn Borough Council,Hyndburn,E07000120,England,North West,Non-metropolitan district,lower tier,LAN,53.7586473334,-2.3897832204,81133.0,hyndburn,220.0,4,,,,,,,,
Ipswich Borough Council,Ipswich,E07000202,England,East of England,Non-metropolitan district,lower tier,SFK,52.0558772258,1.1597791054,135979.0,ipswich,221.0,4,,,,,,,,
Kirklees Council,Kirklees,E08000034,England,Yorkshire and The Humber,Metropolitan district,unitary,,53.6273565558,-1.763307313,441290.0,kirklees,234.0,4,urban - not a vanlife destination,,,,,,,
Knowsley Metropolitan Borough Council,Knowsley,E08000011,England,North West,Metropolitan district,unitary,,53.4251005651,-2.8340373463,152452.0,knowsley,235.0,4,urban - not a vanlife destination,,,,,,,
Lancaster City Council,Lancaster,E07000121,England,North West,Non-metropolitan district,lower tier,LAN,54.0689909111,-2.7147441247,148119.0,lancaster,238.0,4,,,,,,,,
Leeds City Council,Leeds,E08000035,England,Yorkshire and The Humber,Metropolitan district,unitary,,53.8257463987,-1.506016367,798786.0,leeds,239.0,4,urban - not a vanlife destination,,,,,,,
Leicester City Council,Leicester,E06000016,England,East Midlands,Unitary authority,unitary,,52.637914363,-1.1284852022,354036.0,leicester,240.0,4,,,,,,,,
Leicestershire County Council,Leicestershire,E10000018,England,East Midlands,County,upper tier,,53.2451968226,-1.7361347407,713085.0,leicestershire,241.0,4,,,,,,,,
Lewes District Council,Lewes,E07000063,England,South East,Non-metropolitan district,lower tier,ESX,50.8821127848,0.0050472081000000005,103525.0,lewes,242.0,4,,,,,,,,
Lichfield District Council,Lichfield,E07000194,England,West Midlands,Non-metropolitan district,lower tier,STS,52.6881693301,-1.8049153154000002,105637.0,lichfield,244.0,4,,,,,,,,
Liverpool City Council,Liverpool,E08000012,England,North West,Metropolitan district,unitary,,53.3954521482,-2.9170076303,500474.0,liverpool,3.0,4,urban - not a vanlife destination,,,,,,,
London Borough of Barking and Dagenham,Barking and Dagenham,E09000002,England,London,London borough,unitary,,51.5439711625,0.1331640246,214107.0,barking-and-dagenham,58.0,4,urban - not a vanlife destination,,,,,,,
London Borough of Barnet,Barnet,E09000003,England,London,London borough,unitary,,51.616019903,-0.21000954870000002,399007.0,barnet,59.0,4,urban - not a vanlife destination,,,,,,,
London Borough of Bexley,Bexley,E09000004,England,London,London borough,unitary,,51.4608863081,0.1423430949,249301.0,bexley,70.0,4,urban - not a vanlife destination,,,,,,,
London Borough of Brent,Brent,E09000005,England,London,London borough,unitary,,51.5585491634,-0.2678095363,327753.0,brent,85.0,4,urban - not a vanlife destination,,,,,,,
London Borough of Bromley,Bromley,E09000006,England,London,London borough,unitary,,51.3719813654,0.051533630100000005,332752.0,bromley,92.0,4,urban - not a vanlife destination,,,,,,,
London Borough of Camden,Camden,E09000007,England,London,London borough,unitary,,51.5463888,-0.1574137311,279516.0,camden,103.0,4,urban - not a vanlife destination,,,,,,,
London Borough of Croydon,Croydon,E09000008,England,London,London borough,unitary,,51.3553203225,-0.0871674481,388563.0,croydon,146.0,4,urban - not a vanlife destination,,,,,,,
London Borough of Ealing,Ealing,E09000009,England,London,London borough,unitary,,51.5224709876,-0.3310288977,340341.0,ealing,166.0,4,urban - not a vanlife destination,,,,,,,
London Borough of Enfield,Enfield,E09000010,England,London,London borough,unitary,,51.6509914982,-0.0872544661,333587.0,enfield,1604.0,4,urban - not a vanlife destination,,,,,,,
London Borough of Hackney,Hackney,E09000012,England,London,London borough,unitary,,51.5522665819,-0.0633174916,280941.0,hackney,206.0,4,urban - not a vanlife destination,,,,,,,
London Borough of Hammersmith & Fulham,Hammersmith and Fulham,E09000013,England,London,London borough,unitary,,51.494992765,-0.2207719072,183544.0,hammersmith-and-fulham,208.0,4,urban - not a vanlife destination,,,,,,,
London Borough of Haringey,Haringey,E09000014,England,London,London borough,unitary,,51.5903723295,-0.1074687636,266357.0,haringey,211.0,4,urban - not a vanlife destination,,,,,,,
London Borough of Harrow,Harrow,E09000015,England,London,London borough,unitary,,51.5977170603,-0.34127734190000003,252338.0,harrow,609.0,4,urban - not a vanlife destination,,,,,,,
London Borough of Havering,Havering,E09000016,England,London,London borough,unitary,,51.5631026726,0.2204264557,260651.0,havering,611.0,4,urban - not a vanlife destination,,,,,,,
London Borough of Hillingdon,Hillingdon,E09000017,England,London,London borough,unitary,,51.5414704464,-0.4456607943,309014.0,hillingdon,218.0,4,urban - not a vanlife destination,,,,,,,
London Borough of Hounslow,Hounslow,E09000018,England,London,London borough,unitary,,51.4684956062,-0.3661443451,271767.0,hounslow,1585.0,4,urban - not a vanlife destination,,,,,,,
London Borough of Islington,Islington,E09000019,England,London,London borough,unitary,,51.5484822197,-0.1102442467,248115.0,islington,225.0,4,urban - not a vanlife destination,,,,,,,
London Borough of Lambeth,Lambeth,E09000022,England,London,London borough,unitary,,51.4538326416,-0.1183185701,321813.0,lambeth,236.0,4,urban - not a vanlife destination,,,,,,,
London Borough of Lewisham,Lewisham,E09000023,England,London,London borough,unitary,,51.4482718961,-0.0202904748,305309.0,lewisham,243.0,4,urban - not a vanlife destination,,,,,,,
London Borough of Merton,Merton,E09000024,England,London,London borough,unitary,,51.4099497713,-0.19724970790000002,206453.0,merton,259.0,4,urban - not a vanlife destination,,,,,,,
London Borough of Newham,Newham,E09000025,England,London,London borough,unitary,,51.5268863816,0.037538661200000004,355266.0,newham,273.0,4,urban - not a vanlife destination,,,,,,,
London Borough of Redbridge,Redbridge,E09000026,England,London,London borough,unitary,,51.5856551549,0.07586243770000001,305658.0,redbridge,311.0,4,urban - not a vanlife destination,,,,,,,
London Borough of Richmond upon Thames,Richmond upon Thames,E09000027,England,London,London borough,unitary,,51.4427343561,-0.3123788724,198141.0,richmond-upon-thames,319.0,4,urban - not a vanlife destination,,,,,,,
London Borough of Southwark,Southwark,E09000028,England,London,London borough,unitary,,51.4742296672,-0.0740580632,320017.0,southwark,365.0,4,urban - not a vanlife destination,,,,,,,
London Borough of Sutton,Sutton,E09000029,England,London,London borough,unitary,,51.3620855396,-0.17756640880000002,207707.0,sutton,386.0,4,urban - not a vanlife destination,,,,,,,
London Borough of Tower Hamlets,Tower Hamlets,E09000030,England,London,London borough,unitary,,51.5157381857,-0.0346721859,331969.0,tower-hamlets,405.0,4,urban - not a vanlife destination,,,,,,,
London Borough of Waltham Forest,Waltham Forest,E09000031,England,London,London borough,unitary,,51.5940173779,-0.012636554900000001,276940.0,waltham-forest,414.0,4,urban - not a vanlife destination,,,,,,,
London Borough of Wandsworth,Wandsworth,E09000032,England,London,London borough,unitary,,51.4519637749,-0.1861907722,329735.0,wandsworth,415.0,4,urban - not a vanlife destination,,,,,,,
Luton Borough Council,Luton,E06000032,England,East of England,Unitary authority,unitary,,51.8942251064,-0.42559029060000003,213528.0,luton,247.0,4,,,,,,,,
Maidstone Borough Council,Maidstone,E07000110,England,South East,Non-metropolitan district,lower tier,KEN,51.2349979257,0.5805525642,173132.0,maidstone,250.0,4,,,,,,,,
Maldon District Council,Maldon,E07000074,England,East of England,Non-metropolitan district,lower tier,ESS,51.7094629848,0.7837736769,65401.0,maldon,251.0,4,,,,,,,,
Malvern Hills District Council,Malvern Hills,E07000235,England,West Midlands,Non-metropolitan district,lower tier,WOR,52.1827580936,-2.3446652905,79445.0,malvern-hills,252.0,4,,,,,,,,
Manchester City Council,Manchester,E08000003,England,North West,Metropolitan district,unitary,,53.4514843991,-2.2325237603,555741.0,manchester,253.0,4,urban - not a vanlife destination,,,,,,,
Mansfield District Council,Mansfield,E07000174,England,East Midlands,Non-metropolitan district,lower tier,NTT,53.1707150284,-1.1727869591,109351.0,mansfield,254.0,4,,,,,,,,
Medway Council,Medway,E06000035,England,South East,Unitary authority,unitary,,51.4256873355,0.5694971676,279142.0,medway,255.0,4,,,,,,,,
Melton Borough Council,Melton,E07000133,England,East Midlands,Non-metropolitan district,lower tier,LEC,52.7963818964,-0.8562185506000001,51394.0,melton,256.0,4,,,,,,,,
Mid Devon District Council,Mid Devon,E07000042,England,South West,Non-metropolitan district,lower tier,DEV,50.8762612218,-3.5564376935,83290.0,mid-devon,261.0,4,,,,,,,,
Mid Suffolk District Council,Mid Suffolk,E07000203,England,East of England,Non-metropolitan district,lower tier,SFK,52.2468214372,1.0924171533,104857.0,mid-suffolk,262.0,4,,,,,,,,
Mid Sussex District Council,Mid Sussex,E07000228,England,South East,Non-metropolitan district,lower tier,WSX,51.0208427118,-0.1270517604,152142.0,mid-sussex,263.0,4,,,,,,,,
Middlesbrough Borough Council,Middlesbrough,E06000002,England,North East,Unitary authority,unitary,,54.5424773011,-1.2224301964,141285.0,middlesbrough,264.0,4,,,,,,,,
Milton Keynes Council,Milton Keynes,E06000042,England,South East,Unitary authority,unitary,,52.0838048508,-0.7335406531,270203.0,milton-keynes,266.0,4,,,,,,,,
Mole Valley District Council,Mole Valley,E07000210,England,South East,Non-metropolitan district,lower tier,SRY,51.212265073,-0.3251159748,87547.0,mole-valley,267.0,4,,,,,,,,
Newark and Sherwood District Council,Newark and Sherwood,E07000175,England,East Midlands,Non-metropolitan district,lower tier,NTT,53.1239503768,-0.9197442636000001,123127.0,newark-and-sherwood,271.0,4,,,,,,,,
Newcastle City Council,Newcastle upon Tyne,E08000021,England,North East,Metropolitan district,unitary,,55.0076658552,-1.6578151400999999,306824.0,newcastle-upon-tyne,272.0,4,urban - not a vanlife destination,,,,,,,
Newcastle-under-Lyme Borough Council,Newcastle-under-Lyme,E07000195,England,West Midlands,Non-metropolitan district,lower tier,STS,52.993123823,-2.3188747366999998,129610.0,newcastle-under-lyme,622.0,4,,,,,,,,
North East Derbyshire District Council,North East Derbyshire,E07000038,England,East Midlands,Non-metropolitan district,lower tier,DBY,53.225828819,-1.4482879258999999,102216.0,north-east-derbyshire,626.0,4,,,,,,,,
North East Lincolnshire Council,North East Lincolnshire,E06000012,England,Yorkshire and The Humber,Unitary authority,unitary,,53.5439689065,-0.1334450839,159364.0,north-east-lincolnshire,627.0,4,,,,,,,,
North Hertfordshire District Council,North Hertfordshire,E07000099,England,East of England,Non-metropolitan district,lower tier,HRT,51.959093109,-0.1927026308,133463.0,north-hertfordshire,628.0,4,,,,,,,,
North Kesteven District Council,North Kesteven,E07000139,England,East Midlands,Non-metropolitan district,lower tier,LIN,53.0810804501,-0.4459259511,118149.0,north-kesteven,280.0,4,,,,,,,,
North Lincolnshire Council,North Lincolnshire,E06000013,England,Yorkshire and The Humber,Unitary authority,unitary,,53.5943304548,-0.5924994161,172748.0,north-lincolnshire,282.0,4,,,,,,,,
North Northamptonshire Council,North Northamptonshire,E06000061,England,East Midlands,Unitary authority,unitary,,52.4254910203,-0.6260540289000001,350448.0,,,4,,,,,,,,
North Somerset  Council,North Somerset,E06000024,England,South West,Unitary authority,unitary,,51.3891516365,-2.8009005301,215574.0,north-somerset,285.0,4,,,,,,,,
North Tyneside Council,North Tyneside,E08000022,England,North East,Metropolitan district,unitary,,55.0280400696,-1.5174373649000001,208871.0,north-tyneside,286.0,4,urban - not a vanlife destination,,,,,,,
North Warwickshire Borough Council,North Warwickshire,E07000218,England,West Midlands,Non-metropolitan district,lower tier,WAR,52.5474797538,-1.6280546081,65452.0,north-warwickshire,287.0,4,,,,,,,,
North West Leicestershire District Council,North West Leicestershire,E07000134,England,East Midlands,Non-metropolitan district,lower tier,LEC,52.753117671300004,-1.4051226190000001,104809.0,north-west-leicestershire,288.0,4,,,,,,,,
Norwich City Council,Norwich,E07000148,England,East of England,Non-metropolitan district,lower tier,NFK,52.6318297215,1.2828005618,142177.0,norwich,293.0,4,,,,,,,,
Nottingham City Council,Nottingham,E06000018,England,East Midlands,Unitary authority,unitary,,52.9605849636,-1.1765203962,337098.0,nottingham,294.0,4,,,,,,,,
Nottinghamshire County Council,Nottinghamshire,E10000024,England,East Midlands,County,upper tier,,53.2372102481,-1.059869375,833377.0,nottinghamshire,630.0,4,,,,,,,,
Nuneaton and Bedworth Borough Council,Nuneaton and Bedworth,E07000219,England,West Midlands,Non-metropolitan district,lower tier,WAR,52.5011285443,-1.4758714509,130373.0,nuneaton-and-bedworth,1602.0,4,,,,,,,,
Oadby and Wigston Borough Council,Oadby and Wigston,E07000135,England,East Midlands,Non-metropolitan district,lower tier,LEC,52.5871366048,-1.0934072972,57313.0,oadby-and-wigston,631.0,4,,,,,,,,
Oldham Metropolitan Borough Council,Oldham,E08000004,England,North West,Metropolitan district,unitary,,53.5518876965,-2.050652295,237628.0,oldham,295.0,4,urban - not a vanlife destination,,,,,,,
Oxford City Council,Oxford,E07000178,England,South East,Non-metropolitan district,lower tier,OXF,51.7545866291,-1.2409629447000001,151584.0,oxford,298.0,4,,,,,,,,
Oxfordshire County Council,Oxfordshire,E10000025,England,South East,County,upper tier,,52.0254732589,-1.2509078895,696880.0,oxfordshire,28.0,4,,,,,,,,
Pendle Borough Council,Pendle,E07000122,England,North West,Non-metropolitan district,lower tier,LAN,53.8654942803,-2.1849303764,92145.0,pendle,300.0,4,,,,,,,,
Peterborough City Council,Peterborough,E06000031,England,East of England,Unitary authority,unitary,,52.6085582787,-0.2531086986,202626.0,peterborough,303.0,4,,,,,,,,
Portsmouth City Council,Portsmouth,E06000044,England,South East,Unitary authority,unitary,,50.8204431448,-1.0783733601,214692.0,portsmouth,306.0,4,,,,,,,,
Preston City Council,Preston,E07000123,England,North West,Non-metropolitan district,lower tier,LAN,53.8117956728,-2.6976517287,144147.0,preston,308.0,4,,,,,,,,
Reading Borough Council,Reading,E06000038,England,South East,Unitary authority,unitary,,51.4529788295,-0.9838249956,160337.0,reading,310.0,4,,,,,,,,
Redditch Borough Council,Redditch,E07000236,England,West Midlands,Non-metropolitan district,lower tier,WOR,52.2822857758,-1.9518603047,85568.0,redditch,313.0,4,,,,,,,,
Reigate and Banstead Borough Council,Reigate and Banstead,E07000211,England,South East,Non-metropolitan district,lower tier,SRY,51.2532004625,-0.1918537,149243.0,reigate-and-banstead,314.0,4,,,,,,,,
Ribble Valley Borough Council,Ribble Valley,E07000124,England,North West,Non-metropolitan district,lower tier,LAN,53.9072208689,-2.4447574062,62026.0,ribble-valley,318.0,4,,,,,,,,
Rochdale Metropolitan Borough Council,Rochdale,E08000005,England,North West,Metropolitan district,unitary,,53.6165529539,-2.1578678632,223659.0,rochdale,321.0,4,urban - not a vanlife destination,,,,,,,
Rochford District Council,Rochford,E07000075,England,East of England,Non-metropolitan district,lower tier,ESS,51.5913692359,0.8092313243,87627.0,rochford,633.0,4,,,,,,,,
Rossendale Borough Council,Rossendale,E07000125,England,North West,Non-metropolitan district,lower tier,LAN,53.6938156501,-2.267299434,71432.0,rossendale,322.0,4,,,,,,,,
Rother District Council,Rother,E07000064,England,South East,Non-metropolitan district,lower tier,ESX,50.951671269,0.5388853107,96716.0,rother,323.0,4,,,,,,,,
Rotherham Metropolitan Borough Council,Rotherham,E08000018,England,Yorkshire and The Humber,Metropolitan district,unitary,,53.4086179487,-1.2861506497000001,264984.0,rotherham,324.0,4,urban - not a vanlife destination,,,,,,,
Royal Borough of Greenwich,Greenwich,E09000011,England,London,London borough,unitary,,51.4744274931,0.055538161,289034.0,greenwich,203.0,4,urban - not a vanlife destination,,,,,,,
Royal Borough of Kensington and Chelsea,Kensington and Chelsea,E09000020,England,London,London borough,unitary,,51.5012058946,-0.192212556,156864.0,kensington-and-chelsea,227.0,4,urban - not a vanlife destination,,,,,,,
Royal Borough of Kingston upon Thames,Kingston upon Thames,E09000021,England,London,London borough,unitary,,51.3878908167,-0.2869109309,179142.0,kingston-upon-thames,233.0,4,urban - not a vanlife destination,,,,,,,
Royal Borough of Windsor and Maidenhead,Windsor and Maidenhead,E06000040,England,South East,Unitary authority,unitary,,51.4856720847,-0.6994783216,151273.0,windsor-and-maidenhead,438.0,4,,,,,,,,
Rugby Borough Council,Rugby,E07000220,England,West Midlands,Non-metropolitan district,lower tier,WAR,52.3843614275,-1.3282942441,110650.0,rugby,325.0,4,,,,,,,,
Runnymede Borough Council,Runnymede,E07000212,England,South East,Non-metropolitan district,lower tier,SRY,51.3937870438,-0.5413102988,90327.0,runnymede,634.0,4,,,,,,,,
Rushcliffe Borough Council,Rushcliffe,E07000176,England,East Midlands,Non-metropolitan district,lower tier,NTT,52.9008472835,-1.0377351216,121416.0,rushcliffe,326.0,4,,,,,,,,
Rushmoor Borough Council,Rushmoor,E07000092,England,South East,Non-metropolitan district,lower tier,HAM,51.2734434712,-0.7674814486,94387.0,rushmoor,327.0,4,,,,,,,,
Rutland County Council,Rutland,E06000017,England,East Midlands,Unitary authority,unitary,,52.6607235154,-0.6546906157,40476.0,rutland,328.0,4,,,,,,,,
Salford City Council,Salford,E08000006,England,North West,Metropolitan district,unitary,,53.489538879,-2.3701907478,262697.0,salford,330.0,4,urban - not a vanlife destination,,,,,,,
Sandwell Metropolitan Borough Council,Sandwell,E08000028,England,West Midlands,Metropolitan district,unitary,,52.5154273239,-2.0089727073,329042.0,sandwell,331.0,4,urban - not a vanlife destination,,,,,,,
Sevenoaks District Council,Sevenoaks,E07000111,England,South East,Non-metropolitan district,lower tier,KEN,51.2754103119,0.1719723191,121387.0,sevenoaks,336.0,4,,,,,,,,
Sheffield City Council,Sheffield,E08000019,England,Yorkshire and The Humber,Metropolitan district,unitary,,53.4044148247,-1.5503791234,589214.0,sheffield,337.0,4,urban - not a vanlife destination,,,,,,,
Shropshire Council,Shropshire,E06000051,England,West Midlands,Unitary authority,unitary,,52.6349014361,-2.7340529728,325415.0,shropshire,341.0,4,,,,,,,,
Slough Borough Council,Slough,E06000039,England,South East,Unitary authority,unitary,,51.508399419,-0.5862346624,149577.0,slough,342.0,4,,,,,,,,
Solihull Metropolitan Borough Council,Solihull,E08000029,England,West Midlands,Metropolitan district,unitary,,52.4131166103,-1.7270770089,217487.0,solihull,343.0,4,urban - not a vanlife destination,,,,,,,
South Cambridgeshire District Council,South Cambridgeshire,E07000012,England,East of England,Non-metropolitan district,lower tier,CAM,52.1727896677,0.0813003888,160904.0,south-cambridgeshire,348.0,4,,,,,,,,
South Derbyshire District Council,South Derbyshire,E07000039,England,East Midlands,Non-metropolitan district,lower tier,DBY,52.8309932896,-1.559545285,109516.0,south-derbyshire,349.0,4,,,,,,,,
South Gloucestershire Council,South Gloucestershire,E06000025,England,South West,Unitary authority,unitary,,51.5468556779,-2.470548928,287816.0,south-gloucestershire,350.0,4,,,,,,,,
South Hams District Council,South Hams,E07000044,England,South West,Non-metropolitan district,lower tier,DEV,50.3740180702,-3.8229495551,87946.0,south-hams,351.0,4,,,,,,,,
South Holland District Council,South Holland,E07000140,England,East Midlands,Non-metropolitan district,lower tier,LIN,52.7975578214,-0.0322907937,95857.0,south-holland,352.0,4,,,,,,,,
South Kesteven District Council,South Kesteven,E07000141,England,East Midlands,Non-metropolitan district,lower tier,LIN,52.8542910611,-0.5178425813,143225.0,south-kesteven,638.0,4,,,,,,,,
South Norfolk District Council,South Norfolk,E07000149,England,East of England,Non-metropolitan district,lower tier,NFK,52.5145732255,1.2759971896,143066.0,south-norfolk,355.0,4,,,,,,,,
South Oxfordshire District Council,South Oxfordshire,E07000179,England,South East,Non-metropolitan district,lower tier,OXF,51.6337496479,-1.0714082144,143782.0,south-oxfordshire,357.0,4,,,,,,,,
South Ribble Borough Council,South Ribble,E07000126,England,North West,Non-metropolitan district,lower tier,LAN,53.7281308819,-2.7101949607,111086.0,south-ribble,358.0,4,,,,,,,,
South Staffordshire Council,South Staffordshire,E07000196,England,West Midlands,Non-metropolitan district,lower tier,STS,52.6253959675,-2.1768091357,112369.0,south-staffordshire,361.0,4,,,,,,,,
South Tyneside Council,South Tyneside,E08000023,England,North East,Metropolitan district,unitary,,54.9635293793,-1.4442525346,151133.0,south-tyneside,362.0,4,urban - not a vanlife destination,,,,,,,
Southampton City Council,Southampton,E06000045,England,South East,Unitary authority,unitary,,50.9169959751,-1.3987136955000001,252872.0,southampton,363.0,4,,,,,,,,
Southend-on-Sea Borough Council,Southend-on-Sea,E06000033,England,East of England,Unitary authority,unitary,,51.5380480893,0.728596042,182773.0,southend-on-sea,364.0,4,,,,,,,,
Southern Water,Southern Water,,England,England,landowner (water),landowner,,,,,,,4,landowner with car parks,,,,,,,
Spelthorne Borough Council,Spelthorne,E07000213,England,South East,Non-metropolitan district,lower tier,SRY,51.4248025381,-0.4679835386,99873.0,spelthorne,366.0,4,,,,,,,,
St Albans City and District Council,St Albans,E07000240,England,East of England,Non-metropolitan district,lower tier,HRT,51.7720617961,-0.34249455570000004,149317.0,st-albans,367.0,4,,,,,,,,
St Helens Council,St. Helens,E08000013,England,North West,Metropolitan district,unitary,,53.4594726344,-2.7236205816,181095.0,st.-helens,369.0,4,urban - not a vanlife destination,,,,,,,
Stafford Borough Council,Stafford,E07000197,England,West Midlands,Non-metropolitan district,lower tier,STS,52.8481535108,-2.1764968122,137858.0,stafford,370.0,4,,,,,,,,
Staffordshire County Council,Staffordshire,E10000028,England,West Midlands,County,upper tier,,52.7491568121,-2.0220493345,883172.0,staffordshire,371.0,4,,,,,,,,
Staffordshire Moorlands District Council,Staffordshire Moorlands,E07000198,England,West Midlands,Non-metropolitan district,lower tier,STS,53.079314894,-1.9812540315,98427.0,staffordshire-moorlands,372.0,4,,,,,,,,
Stevenage Borough Council,Stevenage,E07000243,England,East of England,Non-metropolitan district,lower tier,HRT,51.9043148896,-0.1893323352,88104.0,stevenage,373.0,4,,,,,,,,
Stockport Metropolitan Borough Council,Stockport,E08000007,England,North West,Metropolitan district,unitary,,53.3939613438,-2.128108751,294197.0,stockport,375.0,4,urban - not a vanlife destination,,,,,,,
Stockton-on-Tees Borough Council,Stockton-on-Tees,E06000004,England,North East,Unitary authority,unitary,,54.5627413651,-1.3289799552,197419.0,stockton-on-tees,376.0,4,,,,,,,,
Stoke-on-Trent City Council,Stoke-on-Trent,E06000021,England,West Midlands,Unitary authority,unitary,,53.0180191565,-2.1645283465,256622.0,stoke-on-trent,377.0,4,,,,,,,,
Stratford-on-Avon District Council,Stratford-on-Avon,E07000221,England,West Midlands,Non-metropolitan district,lower tier,WAR,52.1787857348,-1.6228389375,132402.0,stratford-on-avon,379.0,4,,,,,,,,
Stroud District Council,Stroud,E07000082,England,South West,Non-metropolitan district,lower tier,GLS,51.729265138,-2.3001477317,120903.0,stroud,380.0,4,,,,,,,,
Suffolk County Council,Suffolk,E10000029,England,East of England,County,upper tier,,52.4679368999,-0.1112163802,761246.0,suffolk,382.0,4,,,,,,,,
Sunderland City Council,Sunderland,E08000024,England,North East,Metropolitan district,unitary,,54.880398848,-1.4519528337,277846.0,sunderland,383.0,4,urban - not a vanlife destination,,,,,,,
Surrey County Council,Surrey,E10000030,England,South East,County,upper tier,,51.3467538123,-0.5324429702,1199870.0,surrey,384.0,4,,,,,,,,
Surrey Heath Borough Council,Surrey Heath,E07000214,England,South East,Non-metropolitan district,lower tier,SRY,51.3429283865,-0.6705485787000001,89204.0,surrey-heath,385.0,4,,,,,,,,
Swale Borough Council,Swale,E07000113,England,South East,Non-metropolitan district,lower tier,KEN,51.3416634593,0.8132109079000001,151015.0,swale,387.0,4,,,,,,,,
Swindon Borough Council,Swindon,E06000030,England,South West,Unitary authority,unitary,,51.5715181066,-1.7438128296,222881.0,swindon,389.0,4,,,,,,,,
Tameside Metropolitan Borough Council,Tameside,E08000008,England,North West,Metropolitan district,unitary,,53.4774719308,-2.0628138409,227117.0,tameside,641.0,4,urban - not a vanlife destination,,,,,,,
Tamworth Borough Council,Tamworth,E07000199,England,West Midlands,Non-metropolitan district,lower tier,STS,52.6264282461,-1.6778453302,76864.0,tamworth,390.0,4,,,,,,,,
Tandridge District Council,Tandridge,E07000215,England,South East,Non-metropolitan district,lower tier,SRY,51.2270321357,-0.0434066389,88542.0,tandridge,391.0,4,,,,,,,,
Teignbridge District Council,Teignbridge,E07000045,England,South West,Non-metropolitan district,lower tier,DEV,50.6063032473,-3.6567601374,135039.0,teignbridge,394.0,4,,,,,,,,
Telford & Wrekin Council,Telford and Wrekin,E06000020,England,West Midlands,Unitary authority,unitary,,52.7301949847,-2.4887952474,181322.0,telford-and-wrekin,395.0,4,,,,,,,,
Tendring District Council,Tendring,E07000076,England,East of England,Non-metropolitan district,lower tier,ESS,51.8713118614,1.1150187817,147353.0,tendring,396.0,4,,,,,,,,
Test Valley Borough Council,Test Valley,E07000093,England,South East,Non-metropolitan district,lower tier,HAM,51.1284351303,-1.5106533667000002,127163.0,test-valley,397.0,4,,,,,,,,
Tewkesbury Borough Council,Tewkesbury,E07000083,England,South West,Non-metropolitan district,lower tier,GLS,51.9456152507,-2.0874445534,96624.0,tewkesbury,398.0,4,,,,,,,,
Thames Water,Thames Water,,England,England,landowner (water),landowner,,,,,,,4,landowner with car parks,,,,,,,
The Wildlife Trusts,The Wildlife Trusts,,England,England,landowner (conservation),landowner,,,,,,,4,46 separate trusts - treat as one until it matters,,,,,,,
Three Rivers District Council,Three Rivers,E07000102,England,East of England,Non-metropolitan district,lower tier,HRT,51.660967396,-0.4605986783,93966.0,three-rivers,400.0,4,,,,,,,,
Thurrock Council,Thurrock,E06000034,England,East of England,Unitary authority,unitary,,51.5059837191,0.3732046175,175531.0,thurrock,401.0,4,,,,,,,,
Tonbridge and Malling Borough Council,Tonbridge and Malling,E07000115,England,South East,Non-metropolitan district,lower tier,KEN,51.2736180828,0.35783715390000004,132571.0,tonbridge-and-malling,402.0,4,,,,,,,,
Torridge District Council,Torridge,E07000046,England,South West,Non-metropolitan district,lower tier,DEV,50.8873657227,-4.2507528383,68719.0,torridge,642.0,4,,,,,,,,
Trafford Metropolitan Borough Council,Trafford,E08000009,England,North West,Metropolitan district,unitary,,53.4189961458,-2.3553498241,237579.0,trafford,406.0,4,urban - not a vanlife destination,,,,,,,
Tunbridge Wells Borough Council,Tunbridge Wells,E07000116,England,South East,Non-metropolitan district,lower tier,KEN,51.1143977283,0.43082466100000005,118939.0,tunbridge-wells,407.0,4,,,,,,,,
Uttlesford District Council,Uttlesford,E07000077,England,East of England,Non-metropolitan district,lower tier,ESS,51.9346002917,0.2798048206,92759.0,uttlesford,409.0,4,,,,,,,,
Vale of White Horse District Council,Vale of White Horse,E07000180,England,South East,Non-metropolitan district,lower tier,OXF,51.6342324927,-1.4416684896,137910.0,vale-of-white-horse,411.0,4,,,,,,,,
Wakefield Metropolitan District Council,Wakefield,E08000036,England,Yorkshire and The Humber,Metropolitan district,unitary,,53.6606750836,-1.4118077321,351592.0,wakefield,412.0,4,urban - not a vanlife destination,,,,,,,
Walsall Metropolitan Borough Council,Walsall,E08000030,England,West Midlands,Metropolitan district,unitary,,52.5992559188,-1.9663478519000002,286716.0,walsall,413.0,4,urban - not a vanlife destination,,,,,,,
Warrington Borough Council,Warrington,E06000007,England,North West,Unitary authority,unitary,,53.3988088672,-2.5636258675,209397.0,warrington,416.0,4,,,,,,,,
Warwick District Council,Warwick,E07000222,England,West Midlands,Non-metropolitan district,lower tier,WAR,52.3100027572,-1.5846650870999999,144909.0,warwick,644.0,4,,,,,,,,
Warwickshire County Council,Warwickshire,E10000031,England,West Midlands,County,upper tier,,51.8120439036,-0.9016945808,583786.0,warwickshire,417.0,4,,,,,,,,
Watford Borough Council,Watford,E07000103,England,East of England,Non-metropolitan district,lower tier,HRT,51.6680827076,-0.4033519877,96623.0,watford,418.0,4,,,,,,,,
Waverley Borough Council,Waverley,E07000216,England,South East,Non-metropolitan district,lower tier,SRY,51.149829187899996,-0.6326661736,126556.0,waverley,420.0,4,,,,,,,,
Wealden District Council,Wealden,E07000065,England,South East,Non-metropolitan district,lower tier,ESX,50.9673719496,0.19865389660000002,162733.0,wealden,421.0,4,,,,,,,,
Welwyn Hatfield Borough Council,Welwyn Hatfield,E07000241,England,East of England,Non-metropolitan district,lower tier,HRT,51.7668893791,-0.19408512090000002,123893.0,welwyn-hatfield,424.0,4,,,,,,,,
West Berkshire Council,West Berkshire,E06000037,England,South East,Unitary authority,unitary,,51.4496285758,-1.3044355562,158465.0,west-berkshire,425.0,4,,,,,,,,
West Devon Borough Council,West Devon,E07000047,England,South West,Non-metropolitan district,lower tier,DEV,50.6560900259,-4.0462175241,56139.0,west-devon,426.0,4,,,,,,,,
West Lancashire Borough Council,West Lancashire,E07000127,England,North West,Non-metropolitan district,lower tier,LAN,53.6095476789,-2.8824422484000003,114496.0,west-lancashire,429.0,4,,,,,,,,
West Lindsey District Council,West Lindsey,E07000142,England,East Midlands,Non-metropolitan district,lower tier,LIN,53.3927547455,-0.4771146578,96186.0,west-lindsey,645.0,4,,,,,,,,
West Northamptonshire Council,West Northamptonshire,E06000062,England,East Midlands,Unitary authority,unitary,,52.2228202101,-1.036345024,406733.0,,,4,,,,,,,,
West Oxfordshire District Council,West Oxfordshire,E07000181,England,South East,Non-metropolitan district,lower tier,OXF,51.8375698018,-1.5069302322,111758.0,west-oxfordshire,646.0,4,,,,,,,,
West Suffolk Council,West Suffolk,E07000245,England,East of England,Non-metropolitan district,lower tier,SFK,52.2777127971,0.622078311,177302.0,,91366.0,4,,,,,,,,
West Sussex County Council,West Sussex,E10000032,England,South East,County,upper tier,,50.9581243178,-0.3972356513,867635.0,west-sussex,431.0,4,,,,,,,,
Wigan Metropolitan Borough Council,Wigan,E08000010,England,North West,Metropolitan district,unitary,,53.5241492488,-2.5895088339,330712.0,wigan,435.0,4,urban - not a vanlife destination,,,,,,,
Wiltshire Council,Wiltshire,E06000054,England,South West,Unitary authority,unitary,,51.2971157986,-1.9446078821000001,504070.0,wiltshire,436.0,4,,,,,,,,
Winchester City Council,Winchester,E07000094,England,South East,Non-metropolitan district,lower tier,HAM,51.0281649232,-1.2210742605,125925.0,winchester,437.0,4,,,,,,,,
Woking Borough Council,Woking,E07000217,England,South East,Non-metropolitan district,lower tier,SRY,51.3138786256,-0.5607701175,100008.0,woking,440.0,4,,,,,,,,
Wokingham Borough Council,Wokingham,E06000041,England,South East,Unitary authority,unitary,,51.4294059563,-0.8838421855,173945.0,wokingham,441.0,4,,,,,,,,
Worcester City Council,Worcester,E07000237,England,West Midlands,Non-metropolitan district,lower tier,WOR,52.1966926624,-2.2113242239,100265.0,worcester,649.0,4,,,,,,,,
Worcestershire County Council,Worcestershire,E10000034,England,West Midlands,County,upper tier,,52.0606838489,-1.8712255436,598070.0,worcestershire,442.0,4,,,,,,,,
Worthing Borough Council,Worthing,E07000229,England,South East,Non-metropolitan district,lower tier,WSX,50.829205559,-0.3958120021,110727.0,worthing,443.0,4,,,,,,,,
Wychavon District Council,Wychavon,E07000238,England,West Midlands,Non-metropolitan district,lower tier,WOR,52.1641873051,-2.0508165248,131084.0,wychavon,445.0,4,,,,,,,,
Wyre Borough Council,Wyre,E07000128,England,North West,Non-metropolitan district,lower tier,LAN,53.9029482681,-2.8538780074,113067.0,wyre,447.0,4,,,,,,,,
Wyre Forest District Council,Wyre Forest,E07000239,England,West Midlands,Non-metropolitan district,lower tier,WOR,52.3795765358,-2.2746669468,101139.0,wyre-forest,448.0,4,,,,,,,,
Antrim and Newtownabbey Borough Council,Antrim and Newtownabbey,N09000001,Northern Ireland,Northern Ireland,NI district,ni district,,54.7017948473,-6.1977679627,143756.0,antrim-newtownabbey,54905.0,4,,,,,,,,
"Armagh City, Banbridge and Craigavon Borough Council","Armagh City, Banbridge and Craigavon",N09000002,Northern Ireland,Northern Ireland,NI district,ni district,,54.3691915939,-6.4567240923,217232.0,armagh-banbridge-craigavon,54906.0,4,,,,,,,,
Belfast City Council,Belfast,N09000003,Northern Ireland,Northern Ireland,NI district,ni district,,54.5963491073,-5.9428162844,342560.0,belfast,68.0,4,,,,,,,,
Derry City and Strabane District Council,Derry City and Strabane,N09000005,Northern Ireland,Northern Ireland,NI district,ni district,,54.8203159403,-7.360384985,151109.0,derry-strabane,54908.0,4,,,,,,,,
Fermanagh and Omagh District Council,Fermanagh and Omagh,N09000006,Northern Ireland,Northern Ireland,NI district,ni district,,54.4422662646,-7.5037843639,117337.0,fermanagh-omagh,54909.0,4,,,,,,,,
Lisburn and Castlereagh City Council,Lisburn and Castlereagh,N09000007,Northern Ireland,Northern Ireland,NI district,ni district,,54.5082249477,-6.052439836,146452.0,lisburn-castlereagh,54910.0,4,,,,,,,,
Mid Ulster District Council,Mid Ulster,N09000009,Northern Ireland,Northern Ireland,NI district,ni district,,54.6214555819,-6.7919548619,148953.0,mid-ulster,54912.0,4,,,,,,,,
Mid and East Antrim Borough Council,Mid and East Antrim,N09000008,Northern Ireland,Northern Ireland,NI district,ni district,,54.8744117628,-6.1011754791,139443.0,mid-and-east-antrim,54911.0,4,,,,,,,,
Northern Ireland Water,Northern Ireland Water,,Northern Ireland,Northern Ireland,landowner (water),landowner,,,,,,,4,landowner with car parks,,,,,,,
Aberdeen City Council,Aberdeen City,S12000033,Scotland,Scotland,Scottish unitary authority,unitary,,57.1557751807,-2.1736362602,229060.0,aberdeen,39.0,4,,,,,,,,
Angus Council,Angus,S12000041,Scotland,Scotland,Scottish unitary authority,unitary,,56.7239625949,-2.9174432022000003,115820.0,angus,45.0,4,,,,,,,,
City of Edinburgh Council,City of Edinburgh,S12000036,Scotland,Scotland,Scottish unitary authority,unitary,,55.9264939769,-3.2884043612,527620.0,edinburgh,185.0,4,,,,,,,,
Clackmannanshire Council,Clackmannanshire,S12000005,Scotland,Scotland,Scottish unitary authority,unitary,,56.1504696749,-3.7422223805,51290.0,clackmannanshire,130.0,4,,,,,,,,
Dundee City Council,Dundee City,S12000042,Scotland,Scotland,Scottish unitary authority,unitary,,56.4771225493,-2.9696602260000002,148820.0,dundee,163.0,4,,,,,,,,
East Ayrshire Council,East Ayrshire,S12000008,Scotland,Scotland,Scottish unitary authority,unitary,,55.4850098613,-4.3142015193,121600.0,east-ayrshire,168.0,4,,,,,,,,
East Dunbartonshire Council,East Dunbartonshire,S12000045,Scotland,Scotland,Scottish unitary authority,unitary,,55.9560336264,-4.2255597322,108750.0,east-dunbartonshire,172.0,4,,,,,,,,
East Lothian Council,East Lothian,S12000010,Scotland,Scotland,Scottish unitary authority,unitary,,55.9418607641,-2.7206512436,107900.0,east-lothian,176.0,4,,,,,,,,
East Renfrewshire Council,East Renfrewshire,S12000011,Scotland,Scotland,Scottish unitary authority,unitary,,55.7531389834,-4.359514345,96060.0,east-renfrewshire,178.0,4,,,,,,,,
Falkirk Council,Falkirk,S12000014,Scotland,Scotland,Scottish unitary authority,unitary,,55.9973385792,-3.7906426239,160560.0,falkirk,191.0,4,,,,,,,,
Fife Council,Fife,S12000047,Scotland,Scotland,Scottish unitary authority,unitary,,56.2289526533,-3.1248651752,374130.0,fife,603.0,4,,,,,,,,
Glasgow City Council,Glasgow City,S12000049,Scotland,Scotland,Scottish unitary authority,unitary,,55.8578800002,-4.2531185814,635640.0,glasgow,197.0,4,,,,,,,,
Inverclyde Council,Inverclyde,S12000018,Scotland,Scotland,Scottish unitary authority,unitary,,55.9044065152,-4.7426698855,77060.0,inverclyde,616.0,4,,,,,,,,
Midlothian Council,Midlothian,S12000019,Scotland,Scotland,Scottish unitary authority,unitary,,55.8322260524,-3.1104195114,93150.0,midlothian,265.0,4,,,,,,,,
North Lanarkshire Council,North Lanarkshire,S12000050,Scotland,Scotland,Scottish unitary authority,unitary,,55.874759786,-3.9482525144,341140.0,north-lanarkshire,281.0,4,,,,,,,,
Renfrewshire Council,Renfrewshire,S12000038,Scotland,Scotland,Scottish unitary authority,unitary,,55.8478113029,-4.5428045874,179390.0,renfrewshire,315.0,4,,,,,,,,
Scottish Borders Council,The Scottish Borders,S12000026,Scotland,Scotland,Scottish unitary authority,unitary,,55.5762416633,-2.7884668446000003,115240.0,scottish-borders,636.0,4,,,,,,,,
Scottish Canals,Scottish Canals,,Scotland,Scotland,landowner (waterway),landowner,,,,,,,4,landowner with car parks,,,,,,,
South Lanarkshire Council,South Lanarkshire,S12000029,Scotland,Scotland,Scottish unitary authority,unitary,,55.6126525795,-3.8106358552,320820.0,south-lanarkshire,354.0,4,,,,,,,,
West Dunbartonshire Council,West Dunbartonshire,S12000039,Scotland,Scotland,Scottish unitary authority,unitary,,55.9848795348,-4.5176029553,88340.0,west-dunbartonshire,428.0,4,,,,,,,,
West Lothian Council,West Lothian,S12000040,Scotland,Scotland,Scottish unitary authority,unitary,,55.8849841096,-3.5737887433,183820.0,west-lothian,430.0,4,,,,,,,,
Blaenau Gwent County Borough Council,Blaenau Gwent,W06000019,Wales,Wales,Welsh unitary authority,unitary,,51.7667399497,-3.1938186288,70020.0,blaenau-gwent,75.0,4,,,,,,,,
Bridgend County Borough Council,Bridgend,W06000013,Wales,Wales,Welsh unitary authority,unitary,,51.5558468209,-3.6003878012,147539.0,bridgend,87.0,4,,,,,,,,
Caerphilly County Borough Council,Caerphilly,W06000018,Wales,Wales,Welsh unitary authority,unitary,,51.6532701731,-3.2048973242,181731.0,caerphilly,99.0,4,,,,,,,,
City of Cardiff Council,Cardiff,W06000015,Wales,Wales,Welsh unitary authority,unitary,,51.5084384278,-3.1995849946,369202.0,cardiff,107.0,4,,,,,,,,
Flintshire County Council,Flintshire,W06000005,Wales,Wales,Welsh unitary authority,unitary,,53.2178616827,-3.1631503565,156847.0,flintshire,193.0,4,,,,,,,,
Merthyr Tydfil County Borough Council,Merthyr Tydfil,W06000024,Wales,Wales,Welsh unitary authority,unitary,,51.7409417556,-3.3610566541,60424.0,merthyr-tydfil,258.0,4,,,,,,,,
Monmouthshire County Council,Monmouthshire,W06000021,Wales,Wales,Welsh unitary authority,unitary,,51.7578176653,-2.8673289656,95164.0,monmouthshire,268.0,4,,,,,,,,
Neath Port Talbot County Borough Council,Neath Port Talbot,W06000012,Wales,Wales,Welsh unitary authority,unitary,,51.6796981067,-3.7433933101,144386.0,neath-port-talbot,621.0,4,,,,,,,,
Newport City Council,Newport,W06000022,Wales,Wales,Welsh unitary authority,unitary,,51.5737633356,-2.9617844273,156447.0,newport,274.0,4,,,,,,,,
Rhondda Cynon Taf County Borough Council,Rhondda Cynon Taff,W06000016,Wales,Wales,Welsh unitary authority,unitary,,51.6503280175,-3.4355485198,241873.0,rhondda-cynon-taff,317.0,4,,,,,,,,
Torfaen County Borough Council,Torfaen,W06000020,Wales,Wales,Welsh unitary authority,unitary,,51.6985873783,-3.0534269632,94832.0,torfaen,404.0,4,,,,,,,,
Vale of Glamorgan Council,The Vale of Glamorgan,W06000014,Wales,Wales,Welsh unitary authority,unitary,,51.4447498755,-3.3991624767,135295.0,vale-of-glamorgan,410.0,4,,,,,,,,
Wrexham County Borough Council,Wrexham,W06000006,Wales,Wales,Welsh unitary authority,unitary,,52.9902689915,-3.0178639598,136055.0,wrexham,444.0,4,,,,,,,,
